url,statuscode,title,metadescription,h1,canonical,wordcount,schemafound,crawledat
https://www.airwallex.com/hk,200,Airwallex: Trusted Global Payments & Financial Platform,"Grow your business faster with Airwallex - global business accounts, high speed transfers, multi-currency cards, online payments, embedded finance, and more.",The intelligent financial platform for global businesses,https://www.airwallex.com/hk,2334,True,2026-06-06T14:23:33.504064+00:00
https://www.airwallex.com/hk-zh/blog/business-registration-certificate,200,香港商業登記證教學：商業登記費及申請方法一覽  | Airwallex HK,香港商業登記是創業者必須要申請的步驟，但網店或 IG 等業務需要申請嗎？本文將詳解商業登記教學，如：新商業登記費、不同申請方法、商業登記與公司註冊分別。,香港商業登記證教學：商業登記費及申請方法一覽,https://www.airwallex.com/hk-zh/blog/business-registration-certificate,653,True,2026-06-06T14:23:34.035277+00:00
https://www.airwallex.com/hk-zh/blog/bank-codes,200,銀行代碼是什麼？香港銀行代碼一覽表 | Airwallex HK,本文帶您快速了解香港銀行代碼，查閱熱門銀行編號，讓您輕鬆處理本地及國際轉帳。比較傳統銀行與 Airwallex 跨境支付方案，享受更高效的全球交易體驗。,銀行代碼是什麼？香港銀行代碼一覽表,https://www.airwallex.com/hk-zh/blog/bank-codes,681,True,2026-06-06T14:23:34.566521+00:00
https://www.airwallex.com/hk-zh/blog/swift-bic-number-code,200,SWIFT code 是什麼？一文了解香港跨境匯款填寫方法及限制 | Airwallex HK,甚麼是 SWIFT Code？作為金融機構和銀行國際通用的唯一代碼，SWIFT Code 用於在跨境匯款中識別指定的收款銀行，確保資金順利轉帳。香港銀行代碼則是用以識別本地註冊銀行，方便把境內轉帳迅速且正確地導向收款帳戶。,SWIFT code 是什麼？一文了解香港跨境匯款填寫方法及限制,https://www.airwallex.com/hk-zh/blog/swift-bic-number-code,795,True,2026-06-06T14:23:35.180710+00:00
https://www.airwallex.com/hk-zh/blog/wire-transfers-what-is-it-how-they-work,200,電匯是什麼？跟轉帳有什麼分別？一文了解手續費及轉帳時間 | Airwallex HK,電匯 (Telegraphic Transfer 或 T/T) 是以電報方式在銀行間進行的一種跨境匯款機制。想知道為什麼電匯能在瞬間完成跨境匯款？Airwallex 將拆解跨境電匯的背後原理、手續費及轉帳時間。,電匯是什麼？跟轉帳有什麼分別？一文了解手續費及轉帳時間,https://www.airwallex.com/hk-zh/blog/wire-transfers-what-is-it-how-they-work,802,True,2026-06-06T14:23:35.771756+00:00
https://www.airwallex.com/hk-zh/blog/compare-business-bank-accounts,200,開公司戶口：比較申請流程、開戶文件及收費 | Airwallex HK,開公司戶口邊間好？銀行開公司戶口有什麼困難？Airwallex 幫你一步步了解公司戶口的重要性，並比較銀行商業戶口的申請流程、收費、開戶文件及最低存款要求，助你找到最快成功且最合適的公司戶口開設途徑。,開公司戶口：比較申請流程、開戶文件及收費,https://www.airwallex.com/hk-zh/blog/compare-business-bank-accounts,786,True,2026-06-06T14:23:36.352730+00:00
https://www.airwallex.com/hk/pricing,200,Plans & Pricing | Airwallex HK,Learn more about our new pricing plans to help you get the most out of your Airwallex account. Compare and understand what features are available for each plan.,Flexible pricing based on your business needs,https://www.airwallex.com/hk/pricing,2837,True,2026-06-06T14:23:36.806811+00:00
https://www.airwallex.com/hk-zh/blog/transfer-money-to-taiwan,200,如何匯款到台灣？手續費、匯款方法及換匯指南 | Airwallex HK,本文詳細介紹匯款到台灣主要方法，並比較一站式金融及支付平台 Airwallex 如何簡化匯款流程，節省成本，更有效管理跨境資金。,如何匯款到台灣？手續費、匯款方法及換匯指南,https://www.airwallex.com/hk-zh/blog/transfer-money-to-taiwan,613,True,2026-06-06T14:23:37.295647+00:00
https://www.airwallex.com/hk-zh/blog/remittance-to-mainland-china,200,匯款到大陸：一文睇清所有匯款到內地方法、手續費、文件及限制 | Airwallex HK,現時從香港匯款到大陸有哪些途徑？在手續費、匯款速度、限制、方便度及安全性等方面，又各有哪些特點呢？本文為你整理及解答匯款到內地的各類問題。,匯款到大陸教學：所有匯款到內地方法、限制、手續費,https://www.airwallex.com/hk-zh/blog/remittance-to-mainland-china,706,True,2026-06-06T14:23:37.701989+00:00
https://www.airwallex.com/hk-zh/blog/open-hong-kong-bank-accounts-for-mainland-chinese-companies,200,內地人開香港銀行戶口：2026 年實用指南 | Airwallex HK,想了解內地公司如何在香港開立商業銀行戶口？本指南詳解內地來港註冊公司開戶所需文件、流程與常見陷阱，並帶您深入了解 Airwallex 全球企業帳戶優勢，助您輕鬆拓展國際業務。,內地人開香港銀行戶口：2026 年實用指南,https://www.airwallex.com/hk-zh/blog/open-hong-kong-bank-accounts-for-mainland-chinese-companies,633,True,2026-06-06T14:23:38.249217+00:00
https://www.airwallex.com/hk-zh/blog/cny-vs-cnh-whats-the-difference,200,離岸人民幣 CNH 與在岸人民幣 CNY 的分別，及企業如何節省成本｜Airwallex 香港,中小企在中港做生意，需要使用人民幣（RMB）。離岸人民幣（CNH）是什麼意思？有什麼用途？與在岸人民幣（CNY）有什麼分別？本文將詳細解釋外，亦教企業如何節省換匯成本，提升中國業務利潤。,離岸人民幣 CNH 與在岸人民幣 CNY 的分別，及企業如何節省成本,https://www.airwallex.com/hk-zh/blog/cny-vs-cnh-whats-the-difference,734,True,2026-06-06T14:23:39.064195+00:00
https://www.airwallex.com/hk-zh/who-we-are,200,關於我們 | Airwallex,Airwallex 致力打破全球企業營運的地域限制，推動環球金融的成長。,建構全球金融的未來,https://www.airwallex.com/hk-zh/who-we-are,616,True,2026-06-06T14:23:39.676838+00:00
https://www.airwallex.com/hk/who-we-are,200,Who We Are | Airwallex,"Airwallex was built with to create a world where all businesses can operate without borders, propelling the growth of the global digital economy.",Building the future of global finance,https://www.airwallex.com/hk/who-we-are,1881,True,2026-06-06T14:23:40.371462+00:00
https://www.airwallex.com/hk-zh/blog/xiaohongshu-store,200,小紅書開店指南：新手開店流程、客群分析及經營策略  | Airwallex HK,企業在小紅書開店是推廣品牌的有效途徑之一。小紅書在內地擁有龐大用戶群，新手品牌在小紅書開店，不僅能提高品牌曝光率，也能直接與消費者互動。本文介紹小紅書開店優勢、目標客群、開店流程，以及如何使用 Airwallex 雲匯 Visa 卡降低採購成本。,小紅書開店指南：新手開店流程、客群分析及經營策略,https://www.airwallex.com/hk-zh/blog/xiaohongshu-store,634,True,2026-06-06T14:23:40.961290+00:00
https://www.airwallex.com/hk-zh/blog/how-to-sell-on-ebay,200,eBay 收款方式全指南：香港賣家賣海外教學、手續費與 Payoneer 綁定 | Airwallex HK,本文深入解析 eBay 收款方式，針對賣往海外的香港賣家，講解 Payoneer 收款、手續費、資金提取及管理不同貨幣的功能，助您節省跨境收款的開支，改善現金流管理。,eBay 收款方式全指南：香港賣家賣海外教學、手續費與 Payoneer 綁定,https://www.airwallex.com/hk-zh/blog/how-to-sell-on-ebay,826,True,2026-06-06T14:23:41.384627+00:00
https://www.airwallex.com/hk-zh/blog/how-to-sell-on-amazon-us-from-hong-kong,200,Amazon 教學：身處香港如何於美國 Amazon 開店銷售？ | Airwallex HK,香港中小企進軍美國 Amazon 市場 ，接觸更多世界各地客戶。本文準備了 Amazon 賣家教學，簡介建立網店步驟、收費計劃及 FBA 配送費用計算方式等，助大家輕鬆拓展國際業務。,Amazon 教學：身處香港如何於美國 Amazon 開店銷售？,https://www.airwallex.com/hk-zh/blog/how-to-sell-on-amazon-us-from-hong-kong,824,True,2026-06-06T14:23:41.869295+00:00
https://www.airwallex.com/hk-zh,200,Airwallex：值得信賴的全球支付與金融平台,Airwallex 全面助您快速拓展業務，為企業提供全球企業帳戶、快速轉帳、多幣種卡、網上支付、嵌入式金融等多元化服務，滿足不同所需。,AI 驅動 的環球 金融 及 匯款 平台,https://www.airwallex.com/hk-zh,798,True,2026-06-06T14:23:42.265872+00:00
https://www.airwallex.com/hk-zh/blog/shopline-overview,200,SHOPLINE 開店教學：收費、SHOPLINE Payments、比較 SHOPLINE vs Shopify | Airwallex HK,本文介紹 SHOPLINE 開店教學、其收費及收款方案 SHOPLINE Payments，並比較 SHOPLINE 與 Shopify 的功能，助您選擇最合適的電商平台。,SHOPLINE 開店教學：收費、SHOPLINE Payments、比較 SHOPLINE vs Shopify,https://www.airwallex.com/hk-zh/blog/shopline-overview,951,True,2026-06-06T14:23:43.102065+00:00
https://www.airwallex.com/hk-zh/blog/cross-border-ecommerce-guide,200,跨境電商是什麼？2024 香港跨境電商行業趨勢 | Airwallex HK,跨境電商，是指通過互聯網平台，讓消費者購買其他國家商品的商業活動。發展跨境電商是大勢所趨，本文將分析香港跨境電商前景及跨境電商怎麼做。,跨境電商是什麼？2024 香港跨境電商行業趨勢,https://www.airwallex.com/hk-zh/blog/cross-border-ecommerce-guide,631,True,2026-06-06T14:23:43.710985+00:00
https://www.airwallex.com/hk/blog/xiaohongshu-store,200,A beginner’s guide to opening a Xiaohongshu store: steps and strategies | Airwallex HK,"Brands opening a Xiaohongshu store not only can increase brand visibility but also directly interact with consumers. This article analyses the process of opening a Xiaohongshu store, and how to reduce procurement costs using an Airwallex Borderless Card.",A beginner’s guide to opening a Xiaohongshu store: steps and strategies,https://www.airwallex.com/hk/blog/xiaohongshu-store,2513,True,2026-06-06T14:23:44.268732+00:00
https://www.airwallex.com/hk-zh/blog/shopify-payment-gateway,200,Shopify 收款教學：一文詳解開店流程、功能及收費 | Airwallex HK,Shopify 網店收款教學 - 拆解付款網關(payment gateway)、收費及功能，網上創業開店無難度!,Shopify 收款教學：一文詳解開店流程、功能及收費,https://www.airwallex.com/hk-zh/blog/shopify-payment-gateway,819,True,2026-06-06T14:23:44.761525+00:00
https://www.airwallex.com/hk-zh/blog/stripe-payment,200,Stripe 付款指南：香港網店如何透過 Stripe 收款？ | Airwallex HK,了解香港網店如何運用 Stripe 跨境收款，比較 Stripe 和 Airwallex 等平台的功能與收費結構，找到最適合您的線上支付方案。,Stripe 付款指南：香港網店如何透過 Stripe 收款？,https://www.airwallex.com/hk-zh/blog/stripe-payment,731,True,2026-06-06T14:23:45.341000+00:00
https://www.airwallex.com/hk-zh/blog/open-virtual-bank-account,200,虛擬銀行開戶教學：開戶要求、收費與商業戶口服務一覽 | Airwallex HK,一文看清香港虛擬銀行清單、服務、商業戶口的開戶條件，及開戶費用，為您介紹其他跨境匯款及金融解決方案。,虛擬銀行開戶教學：開戶要求、收費與商業戶口服務一覽,https://www.airwallex.com/hk-zh/blog/open-virtual-bank-account,740,True,2026-06-06T14:23:46.021638+00:00
https://www.airwallex.com/hk-zh/blog/credit-card-handling-fees,200,信用卡海外簽帳全攻略：手續費一覽及比較 | Airwallex HK,深入解析海外信用卡簽帳涉及的外幣簽帳手續費（FCC）、港元支付手續費（CBF）及匯率差異，並比較不同信用卡手續費情況。了解 Airwallex 雲匯 Visa 卡，其 0% 手續費與優惠的匯率，是企業海外消費的理想工具。,信用卡海外簽帳全攻略：手續費一覽及比較,https://www.airwallex.com/hk-zh/blog/credit-card-handling-fees,651,True,2026-06-06T14:23:46.529756+00:00
https://www.airwallex.com/hk/blog/bank-codes,200,What is a bank code? List of bank codes in Hong Kong | Airwallex HK,This guide provides an overview of popular bank codes in Hong Kong and compares traditional banks with innovative options.,What is a bank code? List of bank codes in Hong Kong,https://www.airwallex.com/hk/blog/bank-codes,2136,True,2026-06-06T14:23:46.985362+00:00
https://www.airwallex.com/hk-zh/airwallex-for-startups,200,賦能香港新創，優化業務營運 | Airwallex HK,推動香港新創業務增長，優化業務營運，準備邁向全球。透過一系列活動，社交網絡，導師指導及獨家優惠，Airwallex全力支持本地新創。,匯聚香港初創，解鎖環球機遇,https://www.airwallex.com/hk-zh/airwallex-for-startups,705,True,2026-06-06T14:23:47.490674+00:00
https://www.airwallex.com/hk-zh/blog/bvi-company,200,開 BVI 公司好處：海外公司申請流程及費用指南 | Airwallex HK,中小企想了解開 BVI 公司好處？本指南深入探討當地零稅制及高度保密性的好處；同時講解開海外公司流程、所需文件，及費用，還介紹一站式金融及匯款平台 Airwallex 如何簡化跨境支付及財務管理，幫助企業節省成本。,開 BVI 公司好處：海外公司申請流程及費用指南,https://www.airwallex.com/hk-zh/blog/bvi-company,682,True,2026-06-06T14:23:48.040883+00:00
https://www.airwallex.com/hk/blog/business-registration-certificate,200,"Guide to applying for Hong Kong Business Registration Certificate: Application process, fees, and time | Airwallex HK","We’ve put together this handy guide with all the essential information and useful website links, so you can start the application process for a Hong Kong Business Registration Certificate right away.","Guide to applying for Hong Kong Business Registration Certificate: Application process, fees, and time",https://www.airwallex.com/hk/blog/business-registration-certificate,3425,True,2026-06-06T14:23:48.580716+00:00
https://www.airwallex.com/hk-zh/blog/why-your-bank-transfer-is-delayed,200,銀行轉帳延誤了？六個您意想不到的原因 | Airwallex HK,銀行轉帳可能需要長達 10 個工作天才能完成。閱讀這篇文章，了解您能如何加快過數速度，更好掌握您的現金流。,銀行轉帳延誤了？六個您意想不到的原因,https://www.airwallex.com/hk-zh/blog/why-your-bank-transfer-is-delayed,652,True,2026-06-06T14:23:49.166111+00:00
https://www.airwallex.com/hk-zh/blog/what-is-offshore-account-and-why-you-need-one,200,香港企業開離岸戶口有什麼選擇？離岸戶口 5 大特色及申請準備一覽 | Airwallex HK,香港企業開離岸戶口有什麼好處？本文將分析海外離岸戶口的特色、哪種戶口適合企業收款。同時介紹一站式金融及支付平台 Airwallex 如何替代部分離岸戶口功能，幫助香港企業提升匯款效率及節省換匯成本，加快拓展國際市場。,香港企業開離岸戶口有什麼選擇？離岸戶口 5 大特色及申請準備一覽,https://www.airwallex.com/hk-zh/blog/what-is-offshore-account-and-why-you-need-one,721,True,2026-06-06T14:23:49.700307+00:00
